Previous,Претходно
Remove,Уклони
"Account Information","Информације о корисничком налогу"
"My Account","Мој Налог"
Summary,Резиме
Settings,Подешавања
Product,Производ
SKU,Шифра
Price,Цена
Quantity,Количина
Total,Укупно
"Update Items and Quantities","Ажурирање ставки и количина"
ID,ИД
Action,Радња
Message,Порука
No,Не
Yes,Да
Save,Сачувај
Delete,Обриши
"Save and Continue Edit","Сачувај и настави уређивање"
"Delete Attribute","Избриши атрибут"
Code,Kod
"Sort Order","Редослед слагања"
Attributes,Атрибути
None,Ниједно
"Please Select","Молим изабрати"
From,Од
To,Коме
Customers,Купци
label,ознака
Inactive,Неактивно
Active,Активно
"Shopping Cart Items","Ставке у корпи"
Qty,Количина
Back,Назад
Edit,Ажурирај
"Add New","Додај нови"
"First Name",Име
Name,Име
Email,Е-пошта
Next,Следеће
"Last Name",Презиме
Status,Статус
Search,Претрага
Actions,Акције
"Add to Cart","Додати у корпу"
"Expiration Date","Датум истека"
"Authorize Only","Само ауторизовати"
"Authorize and Capture","Одобрити и прихватити"
"Credit Card Type","Тип кредитне картице"
"Credit Card Number","Број кредитне картице"
"Card Verification Number","Верификациони број картице"
Enabled,Омогућено
Title,Наслов
"Payment Action","Акција плаћања"
Debug,"Отклањање грешака"
"Credit Card Types","Тип кредитне картице"
"Payment from Applicable Countries","Плаћање из земаља где је применљиво"
"Payment from Specific Countries","Плаћања из одређених земаља"
"Start Date","Почетни Датум"
Cancel,Одустани
Options,Опције
"Something went wrong.","Нешто кренуло наопако."
Done,Урађено
"Select All","Изабери све"
Close,Затвори
Submit,Пошаљи
Reset,Ресетуј
Apply,Примени
Export,Извоз
Custom,Корисник
"Attribute Code","Атрибут код"
"Default Value","Подразумевану вредност"
"Unique Value","Јединствену вредност"
"Unique Value (not shared with other products)","Јединствену вредност (не дели се са другим производима)"
"Not shared with other products.","Не деле се са другим производима."
"Input Validation for Store Owner","Валидација уноса за власника продавнице"
System,Систем
"Use Config Settings","Користити конфиг подешавања"
"Use Deferred Stock Update","Користите одложене акција ажурирања"
"Create Permanent Redirect for old URL","Креирање трајно преусмеравање за стари УРЛ адресу"
"Invalid URL key","Неважећи УРЛ кључ"
"Category URL Suffix","Категорија УРЛ суфикс"
"You need to refresh the cache.","Потребно је да освежите кеш."
"Product URL Suffix","УРЛ суфикс производа"
"Use Categories Path for Product URLs","Користите путању категорија за УРЛ адресу производа"
"Create Permanent Redirect for URLs if URL Key Changed","Креирање трајно преусмеравање за УРЛ адресе уколико се промени УРЛ кључ"
"You created the order.","Креирали сте поруџбину."
"Order saving error: %1","Грешка код снимања поруџбине: %1"
"Please choose a payment method.","Молимо да одаберете начин плаћања."
"An error occurred on the server. Please try to place the order again.","Дошло је до грешке на серверу. Покушајте да поновите вашу поруџбину."
"Credit Card: xxxx-%1","Кредитна картица: xxxx-%1"
"amount %1","износ %1"
failed.,"није успело."
successful.,успешно.
"Authorize.Net Transaction ID %1.","Authorize.Net ИД трансакције %1."
authorize,одобри
"authorize and capture","одобри и прихвати"
capture,прихвати
refund,"повраћај новца"
void,поништи
"Gateway error: %1","Грешка код мрежног пролаза: %1"
"Something went wrong in the payment gateway.","Дошло је до грешке при проласку до плаћања."
"Invalid amount for capture.","Неисправна вредност за прихватање."
"Payment capturing error.","Грешка код прихватања плаћања."
"Invalid transaction ID.","Неисправан ИД трансакције."
"Payment voiding error.","Грешка код поништавања плаћања."
"Invalid amount for refund.","Неисправна вредност за повраћај новца."
"Payment refunding error.","Грешка плаћања код повраћаја новца."
"The transaction was declined because the response hash validation failed.","Трансакција је одбијена јер није прошла проверу података."
"There was a payment authorization error.","Дошло је до грешке при ауторизацији плаћања."
"Please enter a transaction ID to authorize this payment.","Молим унети ИД трансакције за ауторизацију овог плаћања."
"Transaction %1 has been approved. Amount %2. Transaction status is ""%3""","Трансакција %1 је одобрена. Вредност %2. Статус трансакције је ""%3"""
"Transaction %1 has been voided/declined. Transaction status is ""%2"". Amount %3.","Трансакција %1 је одбијена/поништена. Статус трансакције је ""%2"". Вредност је %3."
"Unable to get transaction details. Try again later.","Није могуће добити информације о трансакцији. Покушајте поново касније."
"Electronic payments save the trees.","Електронско плаћање ћува дрвеће."
"Fraud Detection ","Откривање преваре "
"FDS Filter Action","ФДС Филтер акција"
"AVS Response","АВС одзив"
"Card Code Response","Код одговора картице"
"CAVV Response","CAVV одговор"
"Fraud Filters","Филтери против преваре"
"Place Order","Постави поруџбину"
"Sorry, but something went wrong. Please contact the seller.","Извини, али нешто је кренуло наопако. Молимо вас да контактирате продавца."
"API Login ID","ИД за пријављивање АПИ"
"Transaction Key","Кључ трансакције"
"Merchant MD5","МД5 продавца"
"New Order Status","Нови статус поруџбине"
"Test Mode","Тест режим"
"Gateway URL","УРЛ адреса мрежног пролаза"
"Transaction Details URL","УРЛ адреса детаљи трансакције"
"Accepted Currency","Прихваћене валуте"
"Email Customer","Е -поште купца"
"Merchant's Email","Емаил трговаца"
"Credit Card Verification","Верификација кредитне картице"
"Minimum Order Total","Минимални износ поруџбине"
"Maximum Order Total","Минимални износ поруџбине"
"Unable to place order. Please try again later.","Није могуће направи наруџбину. Покушајте поново касније."
"Order by SKU","Листа по шифри"
"Remove Row","Уклони ред"
"Sorry, something went wrong. You can find out more in the error log.","Извините, нешто је кренуло наопако. Више о овом проблему можете погледати у дневнику грешака."
"--Please Select--","--Молим изабрати--"
"What is this?","Шта је ово?"
Currency,Валута
Month,Месец
Year,Година
"Paypal account","ПаyПал налог"
"Coinbase account","Coinbase налог"
"Europe bank account","Рачун у европској банци"
"Credit card","Кредитна картица"
"Apple pay card","Apple pay картица"
"Android pay card","Android pay картица"
"Authorization expired","Ауторизација је истекла"
Authorizing,Ауторизујем
Authorized,Ауторизовано
"Gateway rejected","Пролаз банке одбијен"
Failed,Неуспешно
"Processor declined","Процесор је одбио"
Settled,Договорено
Settling,Решавасе
"Submitted for settlement","Пријављено за решавање"
Voided,Сторниран
Unrecognized,"Није препознат"
"Settlement declined","Решавање одбијено"
"Settlement pending","Решавање на чекању"
"Settlement confirmed","Решавање потврђено"
Sale,Продаја
Credit,Кредит
"Vault enabled","Трезор омогућен"
"All Websites","Све Веб локације"
Tax,Порез
"Excl. Tax","ПДВ није укључен"
"Incl. Tax","ПДВ је укључен"
Error,Greška
Password,Лозинка
"%1 class doesn't implement \Magento\AdvancedRule\Model\Condition\FilterTextGeneratorInterface","%1 класе не имплементирају \Magento\AdvancedRule\Model\Condition\FilterTextGeneratorInterface"
"Yes, for Everyone","Да, за све"
"Yes, for Specified Customer Groups","Да, за наведену групу купца"
"Customer Groups","Групе купаца"
"Magento Admin Panel","Магенто админ панел"
"Start Time","Време почетка"
Description,Опис
"Please correct the data sent.","Молим да исправите послате податке."
"Entity type model must be an instance of \Magento\CatalogImportExport\Model\Export\Product\Type\AbstractType","Модел ентитета мора бити инстанца \Magento\CatalogImportExport\Model\Export\Product\Type\AbstractType"
"There are no product types available for export","Нема доступних типова типова производа који се могу извести"
Disabled,Онемогућено
"The requested price is not found.","Захтевана цена није пронађена."
"Could not delete Prices","Није било могуће избрисати цене"
"Set Product as New","Постави производ као нови"
"End Date","Крајњи датум"
Content,Садржај
"Sort Products By","Сортирај производи по"
"Default Product Sorting","Подразумевано сортирање производа"
"Search Engine Optimization","Оптимизација програма за претраживање"
"New Theme","Укључи тему"
Products,Производи
Visibility,Видљивост
All,Svi(е)
"Display a Link to Loading a Spreadsheet","Приказивање везе до учитавања унакрсне табеле"
"Link Text","Линк текста"
"The text of the link to the My Account &gt; Order by SKU page","Текст везе до мог налога &gt; поређану по шифрама страница"
"Load a list of SKUs","Учитај листу шифри"
"Advanced Reporting","Више опција за извештавање"
Home,Почетак
Root,Корен
"All Store Views","Прегледи свих продавница"
"Are you sure?","Јесте ли сигурни?"
"Some error","Неке грешке"
Orders,Поруџбине
Shipping,Испорука
Configure,Конфигуриши
"Shopping Cart","Листа артикала за куповину"
Any,"Било који"
Subtotal,Међузбир
Discount,Попуст
"Grand Total","Укупан износ"
"Quote item id is not received.","ИД наведеног артикла није примљен."
"Quote item is not loaded.","ИД наведеног артикла није учитан."
Guest,Гост
Order,Редослед
Customer,Купац
"Apply Coupon Code","Примени код купона"
"Remove Coupon Code","Уклоните код купона"
"Row Subtotal","Ред међузбира"
"No ordered items","Нема поручених артикала"
"Total %1 product(s)","Укупно %1 производ(а)"
Subtotal:,Међузбир:
"Please select","Молим изабрати"
"Move to Wish List","Помери у листу жеља"
Refresh,Освежи
Item,Артикал
Items,Артикли
"View Order","Приказ наруџбине"
"Print Order","Штампање наруџбину"
"Add Products","Додај производе"
"Invalid Form Key. Please refresh the page.","Неважећи кључ. Освежите страницу."
"What's this?","Шта је ово?"
Wishlist,"Листа жеља"
"1 item in wish list","1 ставка у листи жеља"
"%1 items in wish list","%1 ставки са листе жеља"
"Product(s) %1 have required options. Each product can only be added individually.","Производ(и) %1 захтева опције. Сваки производ може се додати само појединачно."
"Copy to Wish List","Копира у листу жеља"
"Move Selected to Wish List","Помери одабрано у листу жеља"
"Copy Selected to Wish List","Копирај одабрано у листу жеља"
"Add to Wish List","Додај у листу жеља"
Import,Увези
"Base URL","Основни УРЛ"
"Secure Base URL","Осигурајте основни УРЛ"
"Sender Name","Име пошиљаоца"
"Sender Email","Адреса пошиљаоца"
Store,Продавница
"Remove All","Уклони све"
"Proceed to Checkout","Заврши куповину"
"Remove item","Уклони ставку"
"Use Default","Користи подразумевано"
Configuration,Конфигурација
Stores,Продавнице
"See price before order confirmation.","Погледајте цену пре потврде наруџбине."
"Click for price","Кликните за цену"
"Message has been rejected: %1","Порука је одбијена због:%1"
API,АПИ
"Current User Identity Verification","Верификација идентитета тренутног корисника"
"Your Password","Ваша лозинка"
"You did not sign in correctly or your account is temporarily disabled.","Ви нисте пријавили исправно или је ваш налог привремено онемогућен."
"The SKU was not found in the catalog.","Шифру није могуће пронаћи у каталогу."
"Save Currency Rates","Сачувај валута"
"Manage Currency Rates","Управљање валута"
"Import Service","Увоз услуга"
"Save Currency Symbols","Сачувај симболе за валуту"
"Currency Symbols","Симболи за валуту"
"Use Standard","Користи стандардно"
"Please specify a correct Import Service.","Наведите исправну услугу увоза."
"Click ""Save"" to apply the rates we found.","Кликните на „Сачувај” да бисте применили пронађене камате."
"Currency Rates",Валута
"Please correct the input data for ""%1 => %2"" rate.","Исправите унос односа претварања „%1 => %2”."
"All valid rates have been saved.","Све важеће стопе су сачуване."
"You applied the custom currency symbols.","Ви сте применили прилагођен симбол ознаке валуте."
"You must first configure currency options before being able to see currency rates.","Морате прво да подесите опције за валуте пре прегледа односа између валута."
"Old rate:","Стара вредност:"
Results,Резултати
"Use All Available Attributes","Користити све доступне атрибуте"
Position,Позиција
"Add Subcategory","Додај поткатегорију"
"Add Root Category","Додај категорију корена"
Day,Дан
"<label class=""label""><span>from</span></label>","<label class=""label""><span>од</span></label>"
"<label class=""label""><span>to</span></label>","<label class=""label""><span>до</span></label>"
"WYSIWYG Editor","WYSIWYG Едитор"
"Add Product","Додај производ"
"Product Attributes","Атрибути производа"
"Add New Attribute","Додај нови атрибут"
"Save Attribute","Сачувај атрибут"
"Save in New Attribute Set","Сачувај нови скуп атрибута"
"Enter Name for New Attribute Set","Унесите име за нови скуп атрибута"
"Edit Product Attribute ""%1""","Уређивање производа атрибута „%1”"
"New Product Attribute","Нови производ атрибута"
"Advanced Attribute Properties","Напредне опција атрибута"
"Add to Column Options","Додај у колону опције"
"Select ""Yes"" to add this attribute to the list of column options in the product grid.","Изаберите опцију „Да” да бисте додали овај атрибут листу опција колона у мрежи производа."
"Use in Filter Options","Користи у опцијама филтер"
"Images (.gif, .jpg, .png)","Слике (.gif, .jpg, .png)"
"Regular Price","Редовна цена"
"Add to Compare","Додај за поређење"
"Items %1-%2 of %3","Ставке %1-%2 of %3"
"Please select items.","Изаберите ставке."
"Add to Wishlist","Додај у листу жеља"
Details,Детаљи
"If your Magento site has multiple views, you can set the scope to apply to a specific view.","Ако ваш Магенто има више приказа, можете да поставите опсег да бисте применили одређени приказ."
Advanced,Напредно
Daily,Dnevno
Rule,Правило
"RPC call failed, connection timed out after %time_out.","RPC позив није успео, време за повезивање је истекло након %time_out."
"Error while checking if topic is synchronous","Дошло је до грешке приликом провере синхронизације"
Weekly,Седмично
Monthly,Месечно
"Are you sure you want to do this?","Да ли сте сигурни да желите да урадите ово?"
"This rule no longer exists.","Ово правило се више не постоји."
"Default Country","Подразумевана држава"
"User Name","Корисничко име"
"User Email","Корисничка е-пошта"
"New Password","Нова лозинка"
"Password Confirmation","Potvrda lozinke"
"Interface Locale","Локални интерфејс"
password,лозинка
"You need more permissions to access this.","За приступ овом садржају потребно вам је овлашћење."
Username,"Корисничко име"
"You entered an invalid Secret Key. Please refresh the page.","Унели сте неважећи тајни кључ. Освежите страницу."
"Cache Storage Management","Управљање кешом складишта"
"Flush Magento Cache","Испразни кеш магента"
"The cache storage may contain additional data. Are you sure that you want to flush it?","Кеш складиште може садржати додатне податке. Да ли сте сигурни да желите да их бацимо?"
"Flush Cache Storage","Пражњење кеш складишта"
Invalidated,Поништени
Amounts,Износи
Bestsellers,Бестселера
"Most Viewed Products","Најчешће прегледани производи"
"New Customers","Нови купци"
"Lifetime Sales","Трајна продаја"
"Average Order","Просечна поруџбина"
Average,Просек
Views,Прикази
Revenue,Приход
"Media (.avi, .flv, .swf)","Медији (.avi, .flv, .swf)"
"All Files","Све датотеке"
"Reset to Default","Постави почетне вредности"
"Save Account","Сачувај налог"
"Save Cache Settings","Сачувај поставке кеширања"
"Catalog Rewrites","Поново написати каталог"
"Images Cache","Кеш слике"
"Root Category","Роот категорија"
"Default Store View","Приказ подразумеваног складишта"
"Store View Information","Информације о приказу продавнице"
"Web Site Information","Информације о Веб локацији"
"Default Store","Подразумевана продавница"
"Set as Default","Постави као подразумевано"
"Create Website","Креирање Веб локације"
"Create Store","Креирање продавнице"
"Create Store View","Креирање приказа продавнице"
"Add New Image","Додај Слику"
"Export block for grid %1 is not defined","Извоз блока за мрежу %1 није дефинисан"
"Reset Filter","Поништавање филтера"
"All Countries","Све земље"
"Date selector","Избор датума"
"[ deleted ]",[избрисан]
"Invalid export type supplied for grid export block","Неважећи тип извоза обезбеђен за блок извоза координатне мреже"
"Please correct the column format and try again.","Молим исправите формат колоне и покушајте поново."
"Unknown block type","Непознати тип блока"
"Please correct the tab configuration and try again. Tab Id should be not empty","Молим вас исправите конфигурацију картице и покушајте поново. Ид картица не сме да буде празна"
"Please correct the tab configuration and try again.","Молим исправите конфигурацију картице и покушајте поново."
"You have logged out.","Одјавили сте се."
"The image cache was cleaned.","Слика кеша је очишћена."
"An error occurred while clearing the image cache.","Појавила се грешка приликом брисање кеша слике."
"The JavaScript/CSS cache has been cleaned.","Кеш JavaScrip/CSS кеш је очишћен."
"An error occurred while clearing the JavaScript/CSS cache.","Појавила се грешка приликом брисање кеша ЈavaScript/CSS."
"The static files cache has been cleaned.","Кеш статичних датотека очишћен."
"You flushed the cache storage.","Испразнили сте кеш складишта."
"The Magento cache storage has been flushed.","Магенто кеш складишта је испражњен."
"Cache Management","Управљање кешом"
"You can't change status of cache type(s) in production mode","Не можете променити статус кеш типовима у продукционом режиму"
"%1 cache type(s) disabled.","%1 кеш типовима онемогућен."
"Last 24 Hours","Задња 24 сата"
"Last 7 Days","Задњих 7 дана"
"Current Month","Текући месец"
YTD,"ГОДИНА ДО ДАТУМА"
2YTD,"2 године до датума"
"Authentication storage is incorrect.","Потврда идентитета за складиштење је неисправна."
"Authentication error occurred.","Дошло је до грешке при пријави."
"Admin session lifetime must be less than or equal to 31536000 seconds (one year)","Време трајања сесије за амин-а мора бити мања или једнака 3153600 секунди (1 година)"
"Admin session lifetime must be greater than or equal to 60 seconds","Време трајања сесије за амин-а мора бити већа или једнако 60 секунди"
"Order #%1","Редослед #%1"
"Sorry, you need permissions to view this content.","Извини, треба ти дозвола за приказивање овог садржаја."
"Next steps","Наредни кораци"
"If you think this is an error, try signing out and signing in again.","Ако мислите да је ово је грешка, покушајте са поновном пријавом."
"Contact a system administrator or store owner to gain permissions.","Обратите се администратору система или власнику радње за добијање дозвола."
"previous page","претходне страница"
"Welcome, please sign in","Добро дошли, молим вас да се пријавите у"
"user name","корисничко име"
"Sign in","Пријавите се"
"Select Range:","Избор опсега:"
"No Data Found","Ни један податак није пронађен"
"Chart is disabled. To enable the chart, click <a href=""%1"">here</a>.","Графикон је онемогућен. Да бисте омогућили графикон, кликните <a href=""%1"">овде</a>."
"Last Orders","Задње наруџбе"
"Last Search Terms","Последњи тражени појам"
"Top Search Terms","Најчешће тражени појмови"
"There are no search keywords.","Нема тражених појмова."
"View Statistics For:","Погледајте статистику за:"
"Reload Data","Поново учитај податке"
"Browse Files...","Прикажи датотеке..."
Magento,Магенто
"Copyright &copy; %1 Magento Commerce Inc. All rights reserved.","Ауторска права &copy; %1 Magento Commerce Inc. Сва права задржана."
"ver. %1","вер. %1"
"Account Setting","Подешавања налога"
"Customer View","Приказ купца"
"Sign Out",Одјава
"About the calendar","О календару"
"Go Today","Иди данас"
WK,Седмица
Time,Време
"Other Settings","Остале поставке"
"Data Transfer","Пренос података"
"Magento Connect","Магенто повезивање"
"Connect Manager","Повежите менаџера"
"Package Extensions","Екстензије пакета"
Tools,Алати
"Web Setup Wizard","Чаробњак за подешавање Веба"
Communications,Комуникација
Services,Услуге
"Disable Modules Output","Онемогући излазне модуле"
"Store Email Addresses","Сачувај Е-маил адресе"
"Custom Email 1","Прилагођен е-маил 1"
"Custom Email 2","Прилагођен е-маил 2"
"General Contact","Општи контакт"
"Sales Representative","Представник продаје"
"Customer Support","Подршка за кориснике"
Developer,Програмер
"Enabled Template Path Hints for Storefront","Омогућена путања шаблона за ознаке на излогу"
"Enabled Template Path Hints for Admin","Омогућена путања шаблона за ознаке за администратора"
"Add Block Names to Hints","Додавање блок имена за ознаке"
"Template Settings","Подешавање шаблона"
"Allow Symlinks","Дозволи симболичке везе"
"Warning! Enabling this feature is not recommended on production environments because it represents a potential security risk.","Упозорење! Омогућавање ове функције се не препоручује у производним окружењима јер представља потенцијални ризик по безбедност."
"Minify Html","Умањен Html"
"Minification is not applied in developer mode.","Умањивање се не примењује у режиму ""Програмер""."
"Translate Inline","Преведи при уписивању"
"Enabled for Storefront","Омогућено за излог"
"Enabled for Admin","Омогућено за администратора"
"Translate, blocks and other output caches should be disabled for both Storefront and Admin inline translations.","Преводе, блокови и друге кеш излазе треба онемогућити за излог и за администрацију уметнутих превода."
"JavaScript Settings","JavaScript подешавања"
"Merge JavaScript Files","Спој JavaScript датотеке"
"Enable JavaScript Bundling","Омогући JavaScript повезивање"
"Minify JavaScript Files","Смањи JavaScript датотеке"
"CSS Settings","CSS подешавања"
"Merge CSS Files","Спајање CSS датотека"
"Minify CSS Files","Смањивање CSS датотека"
"Image Processing Settings","Подешавање обраде слика"
"Image Adapter","Прилагођавање слика"
"Static Files Settings","Подешавање статичних датотека"
"Sign Static Files","Потписивање статичних датотека"
"Country Options","Подешавање државе"
"Allow Countries","Допуштене државе"
"Auto-redirect to Base URL","Ауто - преусмеравање на основну УРЛ адресу"
"Use Web Server Rewrites","Користи Веб сервер за поновно писање"
"Base URLs","Основне УРЛ адресе"
"Specify URL or {{base_url}} placeholder.","Наведите УРЛ адресу или {{base_url}} placeholder."
"Base Link URL","Веза ка основној УРЛ адреси"
"Base URL for Static View Files","Основни УРЛ за статички приказ датотека"
"May be empty or start with {{unsecure_base_url}} placeholder.","Може бити празно или почети са {{unsecure_base_url}} контејнер-ом."
"Base URL for User Media Files","Основни УРЛ за медијске датотеке корисника"
"Base URLs (Secure)","Основни УРЛ (сигурне) адресе"
"Specify URL or {{base_url}}, or {{unsecure_base_url}} placeholder.","Наведите УРЛ или {{base_url}}, или {{unsecure_base_url}} контејнер."
"Secure Base Link URL","Осигурајте основни линк УРЛ"
"Secure Base URL for Static View Files","Основни УРЛ за статички приказ датотека"
"May be empty or start with {{secure_base_url}}, or {{unsecure_base_url}} placeholder.","Може бити празно или почети са {{secure_base_url}}, или {{unsecure_base_url}} контејнер."
"Secure Base URL for User Media Files","Осигурајте основни УРЛ за медијске датотеке корисника"
"Use Secure URLs on Storefront","Користите сигурне УРЛ адресе за излог"
"Use Secure URLs in Admin","Користите сигурне УРЛ-ове за администратора"
"Enable HTTP Strict Transport Security (HSTS)","Омогућавање HTTP строге безбедности у комуникацији (HSTS)"
"Upgrade Insecure Requests","Надоградите несигурне захтеве"
"Offloader header","Offloader заглавље"
"Default Pages","Подразумеванe страницe"
"Default Web URL","Подразумевана Веб УРЛ адреса"
"Default No-route URL","Нема подразумеване УРЛ руте"
"Session Validation Settings","Подешавање ваљаности сесије"
"Validate REMOTE_ADDR","Провери ваљаност REMOTE_ADDR"
"Validate HTTP_VIA","Провери ваљаност HTTP_VIA"
"Validate HTTP_X_FORWARDED_FOR","Провери ваљаност HTTP_X_FORWARDED_FOR"
"Validate HTTP_USER_AGENT","Провери ваљаност HTTP_USER_AGENT"
"Use SID on Storefront","Користи СИД за излог"
"Allows customers to stay logged in when switching between different stores.","Омогући корисницима да остану пријављени при пребацивању између различитих продавница."
"Cache Type","Тип кеширања"
Tags,Ознаке
"<h1 class=""page-heading"">404 Error</h1><p>Page not found.</p>","<h1 class=""page-heading"">404 Грешка</h1><p>страница није пронађена.</p>"
"Community Edition","Заједничко издање"
"Default Theme","Подразумеване теме"
"If no value is specified, the system default is used. The system default may be modified by third party extensions.","Ако ни једна вредност није наведена, користи се подразумевана. Подразумевана системска вредност се може променити од стране треће стране произвођача."
"Applied Theme","Примењена тема"
"Design Rule","Правило дизајна"
"User Agent Rules","Правила корисничких агената"
Pagination,"Нумерисање страна"
"How many links to display at once.","Колико веза је потребно за истовремени приказ."
"Pagination Frame","Нумерисање страница оквира"
"If current frame position does not cover utmost pages, it renders the link to current position plus/minus this value.","Ако тренутни положај оквира не покрива највећу страницу, то скраћује везу са тренутне позиције на плус/минус ове вредности."
"Pagination Frame Skip","Прескочи нумерисање страница оквира"
"Alternative text for the previous pages link in the pagination menu. If empty, the default arrow image is used.","Алтернативни текст за везу ка претходним страницама у менију нумерисање страница. Ако је празан, користи подразумевану слику стрелице."
"Anchor Text for Previous","Повежите текст за претходним"
"Alternative text for the next pages link in the pagination menu. If empty, default arrow image is used.","Алтернативни текст за везу ка следећим страницама у менију нумерисање страница. Ако је празан, користи подразумевану слику стрелице."
"Upload File","Пошаљи датотеку"
File,Датотека
"You added %1 to your shopping cart.","Додали сте %1 у вашу корпу."
"The coupon code ""%1"" is not valid.","Код купона „%1” није важећи."
"Update Shopping Cart","Ажурирање корпе за куповину"
"Edit item parameters","Ажурирај параметре артикла"
"View Details","Прикажи детаље"
button_label,лабела_дугмета
"Successful! Test again?","Успешно! Поново извршите тестирање?"
"Connection failed! Test again?","Повезивање није успело! Поново извршите тестирање?"
Uses,Користи
"Add New Search Term","Додај нови термин за претраживање"
"Search Query","Упит за претраживање"
"Redirect URL","Преусмерите URL"
"Sales Rule","Правила продаје"
"Index sales rule","Индекс правила продаје"
"Last Update","Последње ажурирање"
"Allowed Scopes","Dozvoljeni opseg"
"You need more permissions to delete this item(s): %1.","За брисање овог(их) елемената потрене су вам овлашћења:%1."
"You need more permissions to apply some of the rule updates.","Треба ти више овлашћења да би се ажурирала нека од правила."
"Please assign this entity to a store view.","Молим вас да овај ентитет придружите продавници за приказ."
"You can create orders only in an active store.","Налог за порућивање можете направити само у активној продавници."
"Please assign this item to a store view.","Доделите ову ставку за приказ у продавници."
"You need more permissions to save this item.","За снимање овог елемента потребна су вам додатна овлашћења."
"You need more permissions to delete this item.","За брисање овог елемента потребна су вам додатна овлашћења."
"You need more permissions to view this item.","Да би сте видели овај елемент потребна су вам додатна овлашћења."
"Please specify at least one website or one store group.","Молим да наведете најмање једну Вeб локацију или једну групу продавница."
"You need more permissions to set All Scopes to a Role.","Потребна су вам додатна овлашћења да би сте поставили правило на све опсеге."
"Incorrect website ID: %1","Неисправна Веб локација ИД: %1"
"You need more permissions to access website ""%1"".","За приступ Веб локацији ""%1"" потребна су вам додатна овлашћења."
"Incorrect store ID: %1","Неисправно складиште ИД: %1"
"You need more permissions to save this setting.","За снимање ових подешавања потребна су вам додатна овлашћења."
"Role Scopes","Опсег правила"
"Review by",Проверио
"Applies To","Примени на"
"Related Search Terms","Сродни термини за претраживање"
"Missing search engine parameter.","Недостаје аргумент за претраживање."
"Enable Search Recommendations","Омогући препоручену претрагу"
"When you enable this option your site may slow down.","Када омогућите ову опцију, ваш веб презентација ће успорити."
"Search Recommendations Count","Број препоручених претрага"
"Show Results Count for Each Recommendation","Прикажи резултате бројања за сваку препоруку"
"Enable Search Suggestions","Омогући предлоге за претраживање"
"Search Suggestions Count","Број предлога за претраживање"
"Show Results Count for Each Suggestion","Прикажи резултате бројања за сваки предлог"
"Related search terms","Сродни термини за претраживање"
"Did you mean","Да ли сте мислили"
"Suggested Term","Предложени термин"
"The current module XML block name is undefined.","Тренутно име модула XML блока је недефинисано."
"The current module form model pathname is undefined.","Тренутно име модула форме и путање је недефинисано."
"Manage Shopping Cart","Ажурирање купљених артикала"
"Create Order","Направити наруџбину"
"Are you sure you want to clear your cart?","Да ли сте сигурни да желите да испразните Вашу листу?"
"Clear my shopping cart","Испразни моју листу за куповину"
"Add selections to my cart","Додај изабране ставке у моју листу"
"Shopping Cart for %1 in %2","Листа куповине за %1 у %2"
"Select products you want to buy","Изаберите производе које желите да купите"
"Products in the Comparison List (%1)","Производи на листи за поређење (%1)"
"Last ordered items (%1)","Последњи поручени артикли (%1)"
"Recently Compared Products (%1)","Недавно упоређени производи (%1)"
"Recently Viewed Products (%1)","Недавно прегледани производи (%1)"
"Add to Shopping Cart by SKU","Додај у корпу по шифри производа"
"Add to Shopping Cart","Додај у корпу"
"Wish List (%1)","Лиса жеља (%1)"
"Add to Order by SKU","Додај у поруџбину по шифрама артикала"
"Add to Order","Додај у поруџбину"
"Add Products to Order","Додај производе у поруџбину"
"<span><span id=""sku-attention-num"">%1</span> product(s) require attention.</span>","<span><span id=""sku-attention-num"">%1</span> приозвод(и) у корпи којима(е) је потребна пажња.</span>"
"Only %1%2%3 left in stock","Само %1%2%3 је остало на лагеру"
"You can buy up to %1 of these per purchase.","Можете купити највише %1 од изабраних по наруџбини."
"You must buy at least %1 of these per purchase.","Морате купити најмање %1 од ових по наруџби."
"Specify the product's options.","Наведите опције производа."
"Alert me when this item is available.","Обавестите ме када ова ставка постане расположива."
"Shopping cart management is disabled for this customer.","Управљање листом артикала у корпи је онемогућена за овог купца."
"You do not have access to this.","Немате приступ овом модулу."
"Ordered item id is not received.","ИД порученог артикла није примљен."
"Ordered item is not loaded.","Поручени артикал није учитан."
"The wish list item id is not received.","Листа жеља није примила ИД артикла."
"The wish list item is not loaded.","Листа жеља није учитала ИД артикла."
"An error has occurred. See error log for details.","Дошло је до грешке. Погледајте дневник грешака за више детаља."
"You cannot configure a product.","Није могуће конфигурисати производ."
"You removed the items.","Ви сте уклонили ставке."
"You removed the item.","Ви сте уклонили ставку."
"You cannot add a product.","Не можете додати производ."
"Availability: Out of stock.","Расположивост: Нема на стању."
"You need to choose options for your item.","Потребно је да одаберете опције за ставку."
"Please enter an actual number in the ""Qty"" field.","Унесите један стварни број у пољу „Кол”."
"This product is assigned to another website.","Овај производ је додељен другој Веб локацији."
"You can add only enabled products.","Можете додати само омогућене производе."
"You cannot upload this file.","Не можете да отпремите ову датотеку."
"The file is empty.","Датотека је празна."
"You have not entered a product SKU. Please <a href=""%1"">click here</a> to add product(s) by SKU.","Нисте унели шифру производа. Молим <a href=""%1"">кликните овде</a> да бисте додали производ(е) по шифри."
"You have not entered a product SKU.","Нисте унели шифру производа."
"We can't add a product to cart by id ""%1"".","Не можемо да додамо производ у корпу по ид „%1”."
"Something went wrong while reordering this product.","Нешто је кренуло наопако при промени редоследа овог производа."
"You added %1 product to your shopping cart.","Додали сте %1 производа у корпу за куповину."
"You added %1 products to your shopping cart.","Додали сте %1 производе у корпу за куповину."
"%1 product requires your attention.","%1 производ захтева вашу пажњу."
"%1 products require your attention.","%1 производи захтевају вашу пажњу."
"The file is corrupt.","Датотека је оштећена."
"Please upload the file in .csv format.","Молимо вас да пошаљете датотеку у .csv формату."
"%1 item(s) need your attention.","%1 ставка(е) траже вашу пажњу."
"No item specified.","Ни један није изабран."
"Are you sure you want to remove this item?","Да ли си сигуран/а да желиш да уклониш овај елемент?"
"SKU number",Шифра
"Your csv file must include ""sku"" and ""qty"" columns.","Ваша csv датотека мора да садржи колоне ""sku"" и ""qty""."
"SKU: ","Шифра: "
"Only <span id=""%1_max_allowed"">%2</span> in stock","Само <span id=""%1_max_allowed"">,%2</span> на лагеру"
"Products Requiring Attention","Производи који захтевају пажњу"
Sku,Шифра
"File extensions allowed: .csv","Дозвољена екстензија датотеке је: .csv"
"Add Row","Додај ред"
"Add Products By SKU","Додај производе по шифри"
"Shopping Cart Management","Управљање листом купљених артикала"
"View Shopping Cart","Преглед листе купљених артикала"
"View and modify Shopping Cart","Преглед и измена листе купљених артикала"
"Order by SKU Settings","Подешавање редоследа према шифрама"
"Enable Order by SKU on My Account in Storefront","Омогући наручивање по шифрама за мој налог у излогу продавнице"
"Apply Coupon","Примени купон"
"Order by SKU Description","Редослед према опису шифри"
"Defines whether a link to My Account &gt; Order by SKU page will be displayed on the widget","Дефинише да ли ће везу ка мом налогу &gt; поређану по шифри странице бити приказана на виџету"
"Order by SKU Template","Шаблон редоследа по шифрама"
Retry,"Pokusaj ponovo"
"'Action Details - #' .","'Прикажи детаље - #' ."
"%1 item(s) have been scheduled for update.""","%1 ставкa(е) су планиране за ажурирање”"
"Bulk Actions Log","Евиденција масовне радње"
"%1 item(s) are currently being updated.","%1 ставка(е) се тренутно ажурира."
"Task ""%1"": ","Задатак „%1”: "
"%1 item(s) have been scheduled for update.","%1 ставкa(е) су планиране за ажурирање”."
"%1 item(s) have been successfully updated.","%1 ставку(е) је успешно ажурирано."
"%1 item(s) failed to update","Није успео ажурирати %1 ставку(е)"
Dismiss,Одбаци
"Pending, in queue...","Необрађено, у реду чекања..."
"%1 items selected for mass update","%1 одабране ставке за масовно ажурирање"
", %1 successfully updated",", %1 је успешно ажурирано"
", %1 failed to update",", %1 није успео ажурирати"
"Action Log","Дневник активности"
"Bulk Actions","Масовне радње"
"Days Saved in Log","Дани сачувани у дневнику"
"Description of Operation","Опис операција"
"Items to Retry","Ставке за поновни покушај"
"To retry, select the items and click “Retry”.","За понови покушај, изабрати ставке и кликните на дугме „Покушај поново”."
"Items That Can’t Be Updated.","Ставке које није могуће ажурирати."
"Meta Information","Мета информације"
"Dismiss All Completed Tasks","Одбацити све завршене задатке"
"Action Details - #","Детаљи акције - #"
"Number of Records Affected","Број записа који је утицао на"
"Something went wrong while compiling a list of allowed resources. You can find out more in the exceptions log.","Дошло је до грешке при комајлирању листе дозвољених ресурса. Извештај о грешкама се може погледати у евиденцији изузетака."
Success,Успешно
Failure,Грешка
"This user is locked","Овај корисник је закључан"
"Admin User Data","Администрација корисничких података"
"Aggregated Information","Прикупљене информације"
"Admin User ID","Админ кориснички ИД"
"Admin User Name","Админ корисничко име"
IP-Address,"ИП адреса"
"X-Forwarded For","X -прослеђене за"
"Error Message","Порука о грешци"
"Related Changes","Сродне промене"
Logging,Пријављивање
"Read Details","Прочитајте детаље"
"Mark as Read","Означи као прочитано"
"Messages Inbox","Примљене поруке"
"You have %1 new system messages","Имате %1 нових системских порука"
"You have %1 new system message","Имате %1 нову системску поруку"
"Incoming Message","Пристигле поруке"
close,затвори
Notifications,Обавештења
"The message has been marked as Read.","Порука је означена као прочитана."
"We couldn't mark the notification as Read because of an error.","Нисмо могли означити обавештење као прочитано због грешке."
"Please select messages.","Молим да одаберете поруке."
"A total of %1 record(s) have been marked as Read.","Укупно %1 запис(а) је означено као прочитано."
"Total of %1 record(s) have been removed.","Укупно %1 запис(а) је уклоњено."
"We couldn't remove the messages because of an error.","Нисмо могли уклонити поруке због грешке."
"The message has been removed.","Порука је уклоњена."
"1 Hour","1 сат"
"2 Hours","2 сата"
"6 Hours","6 сати"
"12 Hours","12 сати"
"24 Hours","24 сата"
critical,критично
major,важно
minor,неважан(но)
notice,напомена
"Wrong message type","Погрешан тип поруке"
"Wrong notification ID specified.","Погрешно наведен ИД обавештења."
"{{base_url}} is not recommended to use in a production environment to declare the Base Unsecure URL / Base Secure URL. We highly recommend changing this value in your Magento <a href=""%1"">configuration</a>.","{{base_url}} се не препоручује да користите у производном окружењу за декларисање Заштићене/ Не заштићене УРЛ адресе. Због тога ми препоручујемо да се ова вредност промени Магенто <a href=""%1"">конфигурацији</a>."
"One or more of the Cache Types are invalidated: %1. ","Један или више типова кеша су neispravni: %1. "
"Please go to <a href=""%1"">Cache Management</a> and refresh cache types.","Идите на <a href=""%1""> за управљање кешом </a> и освежите типове кеша."
"We were unable to synchronize one or more media files. Please refer to the log file for details.","Нисмо могли да синхронизујемо један или више медијских датотека. Погледајте датотеку са грешкама за детаље."
"Synchronization of media storages has been completed.","Синхронизација складишта медија је завршена."
"Your web server is set up incorrectly and allows unauthorized access to sensitive files. Please contact your hosting provider.","Ваш веб сервер је неисправно подешен и омогућава неовлашћени приступ осетљивим датотекама. Молимо вас да контактирате вашег провајдера/администратора."
"System Messages:","Системске поруке:"
"Critical System Messages","Критичне системске поруке"
"Major System Messages","Важне системске поруке"
"System messages","Системске поруке"
"See All (","Погледајте све ("
" unread)"," непрочитана)"
"Show Toolbar","Прикажи траку са алаткама"
"Show List","Прикажи листу"
"Use HTTPS to Get Feed","Користите HTTPS за Get Feed"
"Update Frequency","Фреквенција ажурирања"
Severity,Тежина
"Date Added","Датум додавања"
Banners,"Рекламни натписи"
"Add Banner","Додавање банера"
"Save Banner","Сачувај Банер"
"Delete Banner","Обриши Банер"
"New Banner","Нов банер"
"Default Content","Подразумевани садржај"
"No Default Content","Нема подразумевани садржај"
"Banner Default Content for All Store Views","Подразумевани садржај банера за све приказе продавница"
"Store View Specific Content","Специфичан садржај за приказ продавнице"
"Related Promotions","Сродне промоције"
"Banner Properties","Својства банера"
"Banner Name","Име банера"
"Any Banner Type","Било који тип банера"
"Specified Banner Types","Наведени типови банера"
"Specify Types","Наведи типове"
"Banner Information","Информације о банеру"
Banner,"Рекламни натпис"
"Banner Type","Тип рекламног натписа"
"Are you sure you want to delete these banners?","Да ли сте сигурни да желите да обришете ове банере?"
"Related Banners","Сродни банери"
"This banner does not exist.","Овај банер не постоји."
"You deleted the banner.","Обрисали сте банер."
"Something went wrong while deleting banner data. Please review the action log and try again.","Дошло је до грешке приликом брисања банера. Погледати дневник активности и покушати поново."
"We cannot find a banner to delete.","Не може се пронаћи банер за брисање."
"This banner no longer exists.","Овај банер више не постоји."
"Edit Banner","Уређивање банера"
"Please select a banner(s).","Молим изабрати банер(е)."
"You deleted %1 record(s).","Обрисали сте %1 запис(е)."
"Something went wrong while mass-deleting banners. Please review the action log and try again.","Дошло је до грешке код масовног брисања банера. Молим погледати дневник активности и покушати поново."
"You saved the banner.","Сачували сте банер."
"We cannot save the banner.","Банер се не може сачувати."
"Please enter a name.","Молим упишите име."
"Please specify default content for at least one store view.","Молим вас да наведете најмање један садржај за приказ продавнице."
"-- None --","-- Ниједно --"
"Sorry, there has been an error processing your request. Please try again later.","Извини, догодила се грешка при обради вашег захтева. Молим покушајте касније."
"Invalid cron expression: %1","Неважећи израз кронирања: %1"
"Invalid cron expression, expecting numeric modulus: %1","Неважећи израз кронирања, очекује се нумерички модул: %1"
"Invalid callback: Not_Existed_Class::execute can't be called","Неважећи повратни позив: Not_Existed_Class::execute се не може позвати"
"Test exception","Тест изузетак"
"Cron (Scheduled Tasks)","Крон (Планирани задаци)"
"For correct URLs generated during cron runs please make sure that Web > Secure and Unsecure Base URLs are explicitly set. All the times are in minutes.","За исправан УРЛ адресе генерисан током извршавања крона уверите се да је та Веб > сигурна и несигурна основна УРЛ адреса тачно постављена. Сва времена су у минутама."
"Generate Schedules Every","Генерисање распореда сваких"
"Schedule Ahead for","Планирање унапред за"
"Missed if Not Run Within","Пропустио ако се не покрене у року од"
"History Cleanup Every","Чишћење историје сваких"
"Success History Lifetime","Историја успеха"
"Failure History Lifetime","Историја неуспеха"
"Use Separate Process","Користите посебан процес"
"10 by default. Max - 10000","10 је подразумевана вредност. Маx - 10000"
"255 by default","255 подразумевано"
"Subscription status","Статус претплате"
"Time value has an unsupported format","Вредност времена има формат који није подржан"
"Cron settings can't be saved","Подешавање крона није могуће сачувати"
"There was an error save new configuration value.","Дошло је до грешке приликом снимања нових вредности за конфигурацију."
"Please select a vertical.","Молим изабрати вертикалу."
"Command was not found.","Команда није пронађена."
"Input data must be string or convertible into string.","Унет податак мора бити знак, или подаци који се могу претворити у знакове."
"Input data must be non-empty string.","Улазни податак не сме бити празан низ знакова."
"Not valid cipher method.","Метод шифровања није важећа."
"Encryption key can't be empty.","Кључ за шифровање не може бити празан."
"Source ""%1"" is not exist","Извор „%1” не постоји"
"These arguments can't be empty ""%1""","Ови аргументи не могу бити празни „%1”"
"Cannot find predefined integration user!","Није могуће пронаћи кориснички дефинисану интеграцију!"
"File is not ready yet.","Датотека још увек није спремна."
"Your Base URL has been changed and your reports are being updated. Advanced Reporting will be available once this change has been processed. Please try again later.","Твој основни URL је промењен и извештаји се ажурирају. Следећи извештаји биће на располагању када се ова промена обради. Покушајте поново касније."
"Failed to synchronize data to the Magento Business Intelligence service. ","Грешка у синхронизацији са Magento Business Intelligence сервисом. "
"<a href=""%1"">Retry Synchronization</a>","<a href=""%1""> понови синхронизацију</a>"
TestMessage,"Тест порука"
"Apps and Games","Апликације и игре"
"Athletic/Sporting Goods","Спортске/спортска опрема"
"Art and Design","Уметност и дизајн"
"Gain new insights and take command of your business' performance, using our dynamic product, order, and customer reports tailored to your customer data.","Постизање нових погледа на ствари и преузимање управљања на пословним перформансама, се постиже коришћењем наших динамичних производа, редослед, и извештаја о купцима прилагођен вашим потребама."
"Go to Advanced Reporting","Иди на више опција за извештавање"
Analytics,Аналитика
"Business Intelligence","Пословна интелигенција"
"BI Essentials","BI osnove"
"Advanced Reporting Service","Услуга Напредног извештавања"
"Time of day to send data","Време за слање података"
Industry,Индустрија
"In order to personalize your Advanced Reporting experience, please select your industry.","Молим да подесите вашу индустријску грану у менију Напредна извештавања како би сте добили боље извештаје."
"<strong>Get more insights from Magento Business Intelligence</strong>","<strong>За више информација погледати Magento Business Intelligence</strong>"
"Auto Parts","Ауто делови"
"Baby/Children’s Apparel, Gear and Toys","Одеце беба/за децу, опрему и играчке"
"Beauty and Cosmetics","Лепота и козметика"
"Books, Music and Magazines","Књиге, музика и часописи"
"Crafts and Stationery","Занати и подлоге за писање"
"Consumer Electronics","Потрошачка електроника"
"Deal Site","Места за договор"
"Fashion Apparel and Accessories","Модни одељак и прибор"
"Food, Beverage and Grocery","Храна, пиће и намирнице"
"Home Goods and Furniture","Опрема за кућу и намештај"
"Home Improvement","Реновирање дома"
"Jewelry and Watches","Накит и сатови"
"Mass Merchant",Велепродаја
"Office Supplies","Канцеларијски материјал"
"Outdoor and Camping Gear","Опрема за камповање на отвореном простору"
"Pet Goods","Опрема за љубимце"
"Pharma and Medical Devices","Фармација и медицински уређаји"
"Technology B2B","Б2Б технологије"
